-- phpMyAdmin SQL Dump
-- version 5.2.1
-- https://www.phpmyadmin.net/
--
-- Host: 127.0.0.1
-- Generation Time: Feb 10, 2024 at 04:27 AM
-- Server version: 10.4.28-MariaDB
-- PHP Version: 8.2.4

SET SQL_MODE = "NO_AUTO_VALUE_ON_ZERO";
START TRANSACTION;
SET time_zone = "+00:00";


/*!40101 SET @OLD_CHARACTER_SET_CLIENT=@@CHARACTER_SET_CLIENT */;
/*!40101 SET @OLD_CHARACTER_SET_RESULTS=@@CHARACTER_SET_RESULTS */;
/*!40101 SET @OLD_COLLATION_CONNECTION=@@COLLATION_CONNECTION */;
/*!40101 SET NAMES utf8mb4 */;

--
-- Database: `sharkpos`
--

-- --------------------------------------------------------

--
-- Table structure for table `accounts`
--

CREATE TABLE `accounts` (
  `id` int(11) NOT NULL,
  `name` varchar(256) NOT NULL,
  `account_number` varchar(50) NOT NULL,
  `balance` decimal(20,2) NOT NULL,
  `created` timestamp NOT NULL DEFAULT current_timestamp(),
  `deleted` timestamp NULL DEFAULT NULL
) ENGINE=InnoDB DEFAULT CHARSET=utf8mb4 COLLATE=utf8mb4_general_ci;

--
-- Dumping data for table `accounts`
--

INSERT INTO `accounts` (`id`, `name`, `account_number`, `balance`, `created`, `deleted`) VALUES
(1, 'Bkash', '01629999666', 3922.00, '2022-06-26 09:11:10', NULL),
(2, 'Rocket', '01629999666', -790596.00, '2022-06-26 09:11:28', NULL),
(3, 'DBBL', '2161030284757', -2176037930.00, '2022-06-26 09:12:15', NULL),
(4, 'Cash', '', -2621739789.00, '2022-06-29 10:31:14', NULL);

-- --------------------------------------------------------

--
-- Table structure for table `categories`
--

CREATE TABLE `categories` (
  `id` int(11) NOT NULL,
  `name` varchar(255) NOT NULL,
  `created` timestamp NOT NULL DEFAULT current_timestamp(),
  `deleted` timestamp NULL DEFAULT NULL
) ENGINE=InnoDB DEFAULT CHARSET=utf8mb4 COLLATE=utf8mb4_general_ci;

--
-- Dumping data for table `categories`
--

INSERT INTO `categories` (`id`, `name`, `created`, `deleted`) VALUES
(1, 'Fruits', '2022-06-20 20:19:39', NULL),
(2, 'Kids', '2022-06-20 20:19:39', NULL),
(3, 'Grocery', '2022-06-27 11:10:23', NULL),
(4, 'Electronics', '2022-07-23 11:04:59', NULL),
(5, 'Footwear', '2022-07-23 11:05:12', NULL),
(6, 'Eyewear', '2022-07-23 11:05:16', NULL),
(7, 'Accessories', '2022-07-23 11:05:49', NULL),
(8, 'Art&Draft', '2022-07-23 11:06:29', NULL);

-- --------------------------------------------------------

--
-- Table structure for table `customers`
--

CREATE TABLE `customers` (
  `id` int(11) NOT NULL,
  `name` varchar(255) NOT NULL,
  `email` varchar(150) NOT NULL,
  `mobile` varchar(20) NOT NULL,
  `address` varchar(255) NOT NULL,
  `expense` decimal(20,2) NOT NULL,
  `created` timestamp NOT NULL DEFAULT current_timestamp(),
  `deleted` timestamp NULL DEFAULT NULL
) ENGINE=InnoDB DEFAULT CHARSET=utf8mb4 COLLATE=utf8mb4_general_ci;

--
-- Dumping data for table `customers`
--

INSERT INTO `customers` (`id`, `name`, `email`, `mobile`, `address`, `expense`, `created`, `deleted`) VALUES
(1, 'Adnan', 'adnan@gmail.com', '01812345678', 'Mirpur', 0.00, '2022-06-19 21:08:52', NULL),
(2, 'Tamimul Islam', 'tamimislam732@gmail.com', '01911151732', 'Savar, Dhaka', 0.00, '2022-06-19 21:08:52', NULL),
(3, 'Syed Zayed Hosssain', 'php.zayed@gmail.com', '01629999666', 'Manikdi, Dhaka Cantonment, Dhaka-1206', 0.00, '2022-06-19 21:10:34', NULL),
(4, 'Tasnim Al Rahman', 'tasnim333@gmail.com', '01712345678', 'Mirpur, Dhaka-1216', 0.00, '2022-06-19 21:10:34', NULL),
(5, 'Al-Amin', 'alamin@gmail.com', '01912345678', 'Mirpur', 0.00, '2022-06-20 16:38:47', NULL),
(6, 'Sakil khan', 'sakil@gmail.com', '0159999999', 'Gazipur', 0.00, '2022-07-23 12:49:29', '2022-07-23 12:49:52'),
(7, 'Dider', 'Dider@gmail.com', '01670270102', 'Cumilla', 0.00, '2022-07-23 12:51:23', NULL),
(8, 'Shahadat', 'shahadat@gmail.com', '01670270987', 'Cumilla,Cantonment', 0.00, '2022-07-23 12:52:55', NULL),
(9, 'Sarwar', 'sarwar@gmail.com', '01670270156', 'Burichong, Cumilla', 10.00, '2022-07-23 12:54:14', NULL),
(10, 'Siam', 'siam@gmail.com', '01370270198', 'Mirpur 6', 0.00, '2022-07-23 12:55:11', NULL),
(11, 'Mufazzal', 'mufazzal@gmai.com', '01570270122', 'Kandirpar, Cumilla', 0.00, '2022-07-23 12:56:33', NULL),
(12, 'Tuhin', 'tuhin@gmail.com', '0163302654', 'mizdi, noakhali', 0.00, '2022-07-23 12:57:22', NULL),
(14, 'Tanzil', 'tanzil@gmail.com', '01770270880', 'mizdi, noakhali', 0.00, '2022-07-23 12:58:12', NULL),
(15, 'Imran', 'imran@gmail.com', '0156987456', 'Cumilla', 0.00, '2022-07-23 12:59:06', NULL),
(16, 'shoruv', 'shoruv@gmail.com', '01570270521', 'chapapur, cumilla', 0.00, '2022-07-23 13:02:52', NULL);

-- --------------------------------------------------------

--
-- Table structure for table `expenses`
--

CREATE TABLE `expenses` (
  `id` int(11) NOT NULL,
  `name` varchar(255) NOT NULL,
  `amount` decimal(10,2) NOT NULL,
  `payment_type` int(2) NOT NULL,
  `created` timestamp NOT NULL DEFAULT current_timestamp(),
  `deleted` timestamp NULL DEFAULT NULL
) ENGINE=InnoDB DEFAULT CHARSET=utf8mb4 COLLATE=utf8mb4_general_ci;

--
-- Dumping data for table `expenses`
--

INSERT INTO `expenses` (`id`, `name`, `amount`, `payment_type`, `created`, `deleted`) VALUES
(1, 'Breakfast', 185.00, 1, '2022-06-20 21:52:01', NULL),
(2, 'Lunch', 430.00, 1, '2022-06-20 21:52:15', NULL),
(3, 'Labour Cost', 1500.00, 3, '2022-06-20 21:52:25', NULL),
(4, 'Transport Cost', 3200.00, 2, '2022-06-20 21:52:52', NULL),
(5, 'Dinner', 340.00, 3, '2022-07-04 19:35:30', NULL),
(6, 'Breakfast', 220.00, 0, '2022-07-04 19:39:29', NULL),
(7, 'Repair cost', 250.00, 1, '2022-07-23 11:09:46', NULL),
(8, 'Light Cost', 200.00, 4, '2022-07-23 11:10:38', NULL),
(9, 'Rent', 50000.00, 3, '2022-07-23 12:27:59', NULL),
(10, 'Payroll', 20000.00, 4, '2022-07-23 12:28:29', NULL),
(11, 'Property taxes', 12000.00, 4, '2022-07-23 12:29:02', NULL),
(12, 'Utility costs', 4444.00, 4, '2022-07-23 12:29:25', NULL),
(13, 'Office supplies', 5000.00, 4, '2022-07-23 12:29:47', NULL),
(14, 'Advertising', 3000.00, 4, '2022-07-23 12:30:07', NULL),
(15, 'Travel costs', 6000.00, 4, '2022-07-23 12:30:37', NULL),
(16, 'Store fixtures', 15000.00, 4, '2022-07-23 12:31:15', NULL),
(17, 'Equipment and technology', 30000.00, 4, '2022-07-23 12:31:39', NULL),
(18, 'Internet Bill', 1000.00, 1, '2022-07-23 12:32:16', NULL),
(19, 'Business insurance', 5000.00, 3, '2022-07-23 12:32:39', NULL),
(20, 'Janitorial supplies and services.', 1800.00, 4, '2022-07-23 12:33:16', NULL);

-- --------------------------------------------------------

--
-- Table structure for table `invoice`
--

CREATE TABLE `invoice` (
  `id` int(11) NOT NULL,
  `customer_id` int(11) NOT NULL,
  `nettotal` decimal(10,2) NOT NULL,
  `discount` decimal(10,2) NOT NULL,
  `grandtotal` decimal(10,2) NOT NULL,
  `comment` varchar(512) NOT NULL,
  `payment_type` int(2) NOT NULL,
  `trxid` varchar(30) NOT NULL,
  `created` timestamp NOT NULL DEFAULT current_timestamp(),
  `updated` timestamp NULL DEFAULT NULL
) ENGINE=InnoDB DEFAULT CHARSET=utf8mb4 COLLATE=utf8mb4_general_ci;

--
-- Dumping data for table `invoice`
--

INSERT INTO `invoice` (`id`, `customer_id`, `nettotal`, `discount`, `grandtotal`, `comment`, `payment_type`, `trxid`, `created`, `updated`) VALUES
(8, 2, 774.00, 4.00, 770.00, 'sdafsdaf', 4, '', '2022-01-01 12:45:39', NULL),
(9, 2, 240.00, 40.00, 200.00, 'sdafdsf', 4, '', '2022-01-02 12:48:24', NULL),
(10, 4, 384.00, 4.00, 380.00, 'dafasdf', 4, '', '2022-01-03 12:48:52', NULL),
(11, 5, 630.00, 0.00, 630.00, 'dfgdfsgfdg', 3, '', '2022-01-04 12:49:13', NULL),
(12, 3, 462.00, 2.00, 460.00, 'dummy order', 4, '', '2022-01-05 17:15:20', NULL),
(13, 3, 462.00, 2.00, 460.00, 'dummy order', 1, '', '2022-01-06 17:16:24', NULL),
(14, 2, 276.00, 6.00, 270.00, 'Paid', 4, '', '2022-01-08 17:12:06', NULL),
(15, 5, 578.00, 8.00, 570.00, 'al amin oil', 4, '', '2022-01-08 18:48:46', NULL),
(16, 4, 1660.00, 10.00, 1650.00, 'some note', 4, '', '2022-01-09 18:49:26', NULL),
(17, 1, 180.00, 10.00, 170.00, 'sdsfsd', 1, 'asdasdfsdf', '2022-01-11 17:17:55', NULL),
(18, 1, 480.00, 30.00, 450.00, 'dfsdf', 4, '', '2022-01-12 17:20:12', NULL),
(19, 1, 960.00, 60.00, 900.00, 'efewwghths', 2, 'sfefefrfe', '2022-01-12 19:16:29', NULL),
(20, 3, 2640.00, 100.00, 2540.00, 'djhfjhdgu', 1, '', '2022-01-15 12:57:19', NULL),
(21, 1, 1580.00, 100.00, 1480.00, 'srfsdf', 1, 'dfgrtfhgfhy', '2022-01-17 09:51:28', NULL),
(22, 1, 1580.00, 100.00, 1480.00, 'srfsdf', 1, 'dfgrtfhgfhy', '2022-01-19 09:51:31', NULL),
(23, 1, 1580.00, 100.00, 1480.00, 'srfsdf', 1, 'dfgrtfhgfhy', '2022-01-20 09:51:32', NULL),
(24, 1, 1580.00, 100.00, 1480.00, 'srfsdf', 1, 'dfgrtfhgfhy', '2022-01-21 09:51:32', NULL),
(25, 1, 1580.00, 100.00, 1480.00, 'srfsdf', 1, 'dfgrtfhgfhy', '2022-01-23 09:51:32', NULL),
(26, 1, 1580.00, 100.00, 1480.00, 'srfsdf', 1, 'dfgrtfhgfhy', '2022-01-24 09:51:33', NULL),
(27, 1, 1580.00, 100.00, 1480.00, 'srfsdf', 1, 'dfgrtfhgfhy', '2022-01-25 09:51:33', NULL),
(28, 1, 1580.00, 100.00, 1480.00, 'srfsdf', 1, 'dfgrtfhgfhy', '2022-01-27 09:51:33', NULL),
(29, 1, 1580.00, 100.00, 1480.00, 'srfsdf', 1, 'dfgrtfhgfhy', '2022-01-28 09:51:33', NULL),
(30, 1, 1580.00, 100.00, 1480.00, 'srfsdf', 1, 'dfgrtfhgfhy', '2022-01-30 09:51:33', NULL),
(31, 1, 1580.00, 100.00, 1480.00, 'srfsdf', 1, 'dfgrtfhgfhy', '2022-02-01 09:51:33', NULL),
(32, 1, 1580.00, 100.00, 1480.00, 'srfsdf', 1, 'dfgrtfhgfhy', '2022-02-02 09:51:34', NULL),
(33, 1, 120.00, 10.00, 110.00, 'dgdfgh', 1, '', '2022-02-03 09:58:03', NULL),
(34, 1, 320.00, 20.00, 300.00, 'rfedtgr', 2, 'dfgdg', '2022-02-04 10:00:56', NULL),
(35, 4, 435.00, 35.00, 400.00, 'qerwrtet', 3, 'etyryreu', '2022-02-05 10:02:53', NULL),
(36, 1, 591.00, 0.00, 591.00, 'erygrtsuty', 3, 'yiuyiuyiouyo', '2022-02-06 10:03:40', NULL),
(37, 1, 240.00, 40.00, 200.00, 'aedasdfsf', 2, 'fgvdgfh', '2022-02-07 10:08:30', NULL),
(38, 1, 384.00, 0.00, 384.00, 'setyrtutu', 1, 'yiytuyiouy', '2022-02-08 10:11:04', NULL),
(39, 1, 180.00, 0.00, 180.00, 'sdfrsdgtfh', 1, 'rtgdryh', '2022-02-10 10:11:48', NULL),
(40, 1, 197.00, 0.00, 197.00, 'dsfsd', 4, '', '2022-02-11 10:13:03', NULL),
(41, 1, 320.00, 0.00, 320.00, 'dfsdfsd', 4, '', '2022-02-13 10:14:57', NULL),
(42, 1, 145.00, 0.00, 145.00, 'sfd', 4, '', '2022-02-14 10:15:16', NULL),
(43, 1, 1280.00, 0.00, 1280.00, 'sdfsdfsd', 2, 'dsfsdfsd', '2022-02-16 10:16:09', NULL),
(44, 1, 300.00, 20.00, 280.00, '', 4, '', '2022-02-18 11:06:24', NULL),
(45, 1, 480.00, 30.00, 450.00, 'asas', 4, '', '2022-02-20 11:07:21', NULL),
(46, 1, 640.00, 30.00, 610.00, 'asas', 1, 'XI21544313', '2022-02-22 11:11:26', NULL),
(47, 1, 640.00, 30.00, 610.00, 'asas', 1, 'XI21544313', '2022-02-23 11:14:55', NULL),
(48, 1, 640.00, 30.00, 610.00, 'asas', 1, 'XI21544313', '2022-02-24 11:14:59', NULL),
(49, 1, 2000.00, 80.00, 1920.00, 'asxasx', 2, 'TXI2165484', '2022-02-25 11:15:59', NULL),
(50, 1, 959.00, 40.00, 919.00, 'asxasx', 1, 'TXI2165484', '2022-02-26 11:17:18', NULL),
(51, 1, 959.00, 40.00, 919.00, 'asxasx', 1, 'TXI2165484', '2022-02-27 11:17:19', NULL),
(52, 1, 959.00, 40.00, 919.00, 'asxasx', 1, 'TXI2165484', '2022-02-28 11:17:20', NULL),
(53, 1, 959.00, 40.00, 919.00, 'asxasx', 1, 'TXI2165484', '2022-03-01 11:17:20', NULL),
(54, 1, 959.00, 40.00, 919.00, 'asxasx', 1, 'TXI2165484', '2022-03-02 11:17:20', NULL),
(55, 1, 959.00, 40.00, 919.00, 'asxasx', 1, 'TXI2165484', '2022-03-03 11:17:20', NULL),
(56, 1, 959.00, 40.00, 919.00, 'asxasx', 1, 'TXI2165484', '2022-03-05 11:17:20', NULL),
(57, 1, 959.00, 40.00, 919.00, 'asxasx', 1, 'TXI2165484', '2022-03-07 11:17:21', NULL),
(58, 1, 1085.00, 50.00, 1035.00, 'qweqwe', 3, '126452824', '2022-03-08 12:11:10', NULL),
(59, 1, 1085.00, 50.00, 1035.00, 'qweqwe', 3, '126452824', '2022-03-10 12:11:20', NULL),
(60, 1, 3000.00, 160.00, 2840.00, 'asass', 1, 'TXI621842', '2022-03-12 12:22:16', NULL),
(61, 1, 3000.00, 160.00, 2840.00, 'asass', 1, 'TXI621842', '2022-03-13 12:22:36', NULL),
(62, 1, 1499.00, 0.00, 1499.00, 'adfg', 4, '', '2022-03-14 12:24:14', NULL),
(63, 1, 1750.00, 0.00, 1750.00, 'asda', 4, '', '2022-03-15 12:24:59', NULL),
(64, 1, 2205.00, 5.00, 2200.00, '', 4, '', '2022-03-17 12:31:11', NULL),
(65, 1, 2205.00, 5.00, 2200.00, '', 4, '', '2022-03-19 12:31:25', NULL),
(66, 1, 2205.00, 5.00, 2200.00, '', 4, '', '2022-03-20 12:31:31', NULL),
(67, 1, 2205.00, 5.00, 2200.00, '', 4, '', '2022-03-22 12:31:40', NULL),
(68, 1, 2205.00, 5.00, 2200.00, '', 4, '', '2022-03-23 12:31:43', NULL),
(69, 1, 2205.00, 5.00, 2200.00, '', 4, '', '2022-03-25 12:31:43', NULL),
(72, 7, 38400.00, 0.00, 38400.00, '', 4, '', '2022-03-26 12:52:05', NULL),
(73, 3, 53250.00, 0.00, 53250.00, 'ami nilam', 2, 'ui865', '2022-03-28 12:53:28', NULL),
(74, 8, 4562.00, 0.00, 4562.00, '', 4, '', '2022-03-29 12:54:12', NULL),
(75, 1, 2935.00, 120.00, 2815.00, 'asdasd', 4, '', '2022-03-30 12:54:54', NULL),
(76, 9, 19000.00, 0.00, 19000.00, '', 4, '', '2022-04-01 12:55:03', NULL),
(77, 9, 19000.00, 0.00, 19000.00, '', 4, '', '2022-04-02 12:55:07', NULL),
(78, 9, 19000.00, 0.00, 19000.00, '', 4, '', '2022-04-03 12:55:08', NULL),
(79, 9, 19000.00, 0.00, 19000.00, '', 4, '', '2022-04-05 12:55:08', NULL),
(80, 9, 19000.00, 0.00, 19000.00, '', 4, '', '2022-04-07 12:55:08', NULL),
(81, 9, 19000.00, 0.00, 19000.00, '', 4, '', '2022-04-08 12:55:08', NULL),
(82, 9, 19000.00, 0.00, 19000.00, '', 4, '', '2022-04-09 12:55:09', NULL),
(83, 9, 19000.00, 0.00, 19000.00, '', 4, '', '2022-04-11 12:55:09', NULL),
(84, 9, 19000.00, 0.00, 19000.00, '', 4, '', '2022-04-12 12:55:09', NULL),
(85, 9, 19000.00, 0.00, 19000.00, '', 4, '', '2022-04-13 12:55:09', NULL),
(86, 9, 19000.00, 0.00, 19000.00, '', 4, '', '2022-04-16 12:55:10', NULL),
(87, 9, 19000.00, 0.00, 19000.00, '', 4, '', '2022-04-18 12:55:10', NULL),
(88, 9, 19000.00, 0.00, 19000.00, '', 4, '', '2022-04-20 12:55:13', NULL),
(89, 2, 1430.00, 0.00, 1430.00, '', 4, '', '2022-04-22 12:56:16', NULL),
(90, 2, 1430.00, 0.00, 1430.00, '', 4, '', '2022-04-24 12:56:17', NULL),
(91, 2, 1430.00, 0.00, 1430.00, '', 4, '', '2022-04-26 12:56:17', NULL),
(92, 2, 1430.00, 0.00, 1430.00, '', 4, '', '2022-04-28 12:56:17', NULL),
(93, 2, 1430.00, 0.00, 1430.00, '', 4, '', '2022-04-30 12:56:18', NULL),
(94, 2, 1430.00, 0.00, 1430.00, '', 4, '', '2022-05-01 12:56:35', NULL),
(95, 0, 1430.00, 0.00, 1430.00, '', 4, '', '2022-05-03 12:56:46', NULL),
(96, 0, 1430.00, 0.00, 1430.00, '', 4, '', '2022-05-05 12:56:47', NULL),
(97, 0, 1430.00, 0.00, 1430.00, '', 4, '', '2022-05-07 12:56:48', NULL),
(98, 0, 1430.00, 0.00, 1430.00, '', 4, '', '2022-05-09 12:56:49', NULL),
(99, 0, 1430.00, 0.00, 1430.00, '', 4, '', '2022-05-11 12:57:03', NULL),
(100, 0, 1430.00, 0.00, 1430.00, '', 4, '', '2022-05-13 12:57:09', NULL),
(101, 11, 1050.00, 0.00, 1050.00, '', 4, '', '2022-05-15 12:57:37', NULL),
(102, 11, 1050.00, 0.00, 1050.00, '', 4, '', '2022-05-17 12:57:40', NULL),
(103, 4, 2250.00, 0.00, 2250.00, '', 4, '', '2022-05-19 12:58:14', NULL),
(104, 4, 2250.00, 0.00, 2250.00, '', 4, '', '2022-05-22 12:58:31', NULL),
(105, 4, 2250.00, 0.00, 2250.00, '', 4, '', '2022-05-24 12:58:32', NULL),
(106, 4, 2250.00, 0.00, 2250.00, '', 4, '', '2022-05-26 12:58:32', NULL),
(107, 4, 2250.00, 0.00, 2250.00, '', 4, '', '2022-05-28 12:58:33', NULL),
(108, 4, 2250.00, 0.00, 2250.00, '', 4, '', '2022-05-30 12:58:33', NULL),
(109, 4, 2250.00, 0.00, 2250.00, '', 4, '', '2022-05-01 12:58:33', NULL),
(110, 4, 2250.00, 0.00, 2250.00, '', 4, '', '2022-05-02 12:58:33', NULL),
(111, 4, 2250.00, 0.00, 2250.00, '', 4, '', '2022-05-03 12:58:35', NULL),
(112, 4, 2250.00, 0.00, 2250.00, '', 4, '', '2022-06-04 12:58:36', NULL),
(113, 4, 2250.00, 0.00, 2250.00, '', 4, '', '2022-06-06 12:58:36', NULL),
(114, 4, 2250.00, 0.00, 2250.00, '', 4, '', '2022-06-08 12:58:36', NULL),
(115, 4, 2250.00, 0.00, 2250.00, '', 4, '', '2022-06-10 12:58:36', NULL),
(116, 4, 2250.00, 0.00, 2250.00, '', 4, '', '2022-06-13 12:58:36', NULL),
(117, 4, 2250.00, 0.00, 2250.00, '', 4, '', '2022-06-16 12:58:36', NULL),
(118, 4, 2250.00, 0.00, 2250.00, '', 4, '', '2022-06-18 12:58:37', NULL),
(119, 4, 2250.00, 0.00, 2250.00, '', 4, '', '2022-06-21 12:58:37', NULL),
(120, 4, 2250.00, 0.00, 2250.00, '', 4, '', '2022-06-24 12:58:37', NULL),
(121, 4, 2250.00, 0.00, 2250.00, '', 4, '', '2022-06-26 12:58:38', NULL),
(122, 4, 2250.00, 0.00, 2250.00, '', 4, '', '2022-06-29 12:58:38', NULL),
(123, 4, 2250.00, 0.00, 2250.00, '', 4, '', '2022-07-01 12:58:39', NULL),
(124, 4, 2250.00, 0.00, 2250.00, '', 4, '', '2022-07-02 12:58:39', NULL),
(125, 4, 2250.00, 0.00, 2250.00, '', 4, '', '2022-07-03 12:58:47', NULL),
(126, 1, 2320.00, 30.00, 2290.00, 'komij', 1, 'ijnmu', '2022-07-04 13:00:04', NULL),
(127, 1, 2320.00, 30.00, 2290.00, 'komij', 1, 'ijnmu', '2022-07-05 13:00:11', NULL),
(128, 1, 3000.00, 10.00, 2990.00, 'svhnhgjtgy', 2, '75dgfs', '2022-07-06 13:00:56', NULL),
(130, 1, 2096.00, 6.00, 2090.00, 'dfdf', 4, '', '2022-07-07 13:01:23', NULL),
(131, 1, 2000.00, 30.00, 1970.00, '', 4, '', '2022-07-08 13:01:34', NULL),
(132, 8, 3000.00, 0.00, 3000.00, 'gfdgsd  ', 1, 'h4gfa', '2022-07-09 13:02:03', NULL),
(133, 9, 1500.00, 5.00, 1495.00, '', 4, '', '2022-07-10 13:02:35', NULL),
(134, 1, 200.00, 0.00, 200.00, 'fdgfg', 4, '', '2022-07-11 13:02:49', NULL),
(135, 14, 1500.00, 0.00, 1500.00, 'jfdg', 4, '', '2022-07-12 13:03:11', NULL),
(136, 1, 205.00, 0.00, 205.00, 'wsd', 4, '', '2022-07-13 13:03:18', NULL),
(137, 1, 405.00, 0.00, 405.00, 'wsd', 4, '', '2022-07-14 13:03:19', NULL),
(138, 1, 305.00, 0.00, 305.00, 'wsd', 4, '', '2022-07-15 13:03:20', NULL),
(139, 1, 515.00, 0.00, 515.00, 'wsd', 4, '', '2022-07-16 13:03:20', NULL),
(140, 1, 1320.00, 0.00, 1320.00, 'wsd', 4, '', '2022-07-17 13:03:20', NULL),
(141, 1, 705.00, 0.00, 705.00, 'wsd', 4, '', '2022-07-18 13:03:20', NULL),
(142, 1, 820.00, 0.00, 820.00, 'wsd', 4, '', '2022-07-19 13:03:20', NULL),
(143, 1, 1100.00, 0.00, 1100.00, 'wsd', 4, '', '2022-07-20 13:03:21', NULL),
(144, 1, 1030.00, 0.00, 1030.00, 'wsd', 4, '', '2022-07-21 13:03:21', NULL),
(145, 1, 600.00, 0.00, 600.00, 'wsd', 4, '', '2022-07-22 13:03:21', NULL),
(146, 1, 700.00, 0.00, 700.00, 'wsd', 4, '', '2022-07-23 13:03:21', NULL),
(147, 1, 1320.00, 0.00, 1320.00, 'wsd', 4, '', '2022-07-24 13:03:23', NULL),
(148, 1, 1000.00, 0.00, 1000.00, 'wsd', 4, '', '2022-06-27 13:03:23', NULL),
(149, 1, 205.00, 0.00, 205.00, 'l;kk', 4, '', '2022-06-28 13:04:07', NULL),
(150, 12, 90.00, 0.00, 90.00, '', 4, '', '2022-06-14 13:06:41', NULL),
(151, 7, 725.00, 0.00, 725.00, '', 4, '', '2022-06-15 13:06:57', NULL),
(152, 14, 2500.00, 0.00, 2500.00, '', 4, '', '2022-06-05 13:07:13', NULL),
(153, 1, 290.00, 0.00, 290.00, '', 4, '', '2022-06-07 13:07:31', NULL),
(154, 1, 2096.00, 6.00, 2090.00, 'ssds', 4, '', '2022-04-27 17:30:54', NULL),
(155, 1, 1797.00, 7.00, 1790.00, 'sdsad', 4, '', '2022-04-29 17:36:25', NULL),
(156, 1, 910.00, 10.00, 900.00, 'adfsdfds', 1, 'bdsfdsf3sd', '2022-03-21 17:53:36', NULL),
(157, 1, 2186.00, 6.00, 2180.00, 'sdfs', 1, 'dsfasdfds3', '2022-03-23 17:56:13', NULL);

-- --------------------------------------------------------

--
-- Table structure for table `invoicedetails`
--

CREATE TABLE `invoicedetails` (
  `id` int(11) NOT NULL,
  `invoice_id` int(11) NOT NULL,
  `product_id` int(11) NOT NULL,
  `quantity` decimal(5,2) NOT NULL,
  `price` decimal(10,2) NOT NULL,
  `total` decimal(10,2) NOT NULL,
  `created` timestamp NOT NULL DEFAULT current_timestamp()
) ENGINE=InnoDB DEFAULT CHARSET=utf8mb4 COLLATE=utf8mb4_general_ci;

--
-- Dumping data for table `invoicedetails`
--

INSERT INTO `invoicedetails` (`id`, `invoice_id`, `product_id`, `quantity`, `price`, `total`, `created`) VALUES
(6, 8, 1, 2.00, 60.00, 120.00, '2022-06-29 12:45:39'),
(7, 8, 2, 3.00, 90.00, 270.00, '2022-06-29 12:45:39'),
(8, 8, 3, 4.00, 96.00, 384.00, '2022-06-29 12:45:39'),
(9, 9, 1, 4.00, 60.00, 240.00, '2022-06-29 12:48:24'),
(10, 10, 3, 4.00, 96.00, 384.00, '2022-06-29 12:48:52'),
(11, 11, 2, 7.00, 90.00, 630.00, '2022-06-29 12:49:13'),
(12, 12, 2, 3.00, 90.00, 270.00, '2022-06-29 17:15:20'),
(13, 12, 3, 2.00, 96.00, 192.00, '2022-06-29 17:15:20'),
(14, 13, 2, 3.00, 90.00, 270.00, '2022-06-29 17:16:25'),
(15, 13, 3, 2.00, 96.00, 192.00, '2022-06-29 17:16:25'),
(16, 14, 1, 3.00, 60.00, 180.00, '2022-07-04 17:12:06'),
(17, 14, 3, 1.00, 96.00, 96.00, '2022-07-04 17:12:06'),
(18, 15, 6, 2.00, 145.00, 290.00, '2022-07-04 18:48:46'),
(19, 15, 3, 3.00, 96.00, 288.00, '2022-07-04 18:48:46'),
(20, 16, 6, 2.00, 145.00, 290.00, '2022-07-04 18:49:26'),
(21, 16, 2, 1.00, 90.00, 90.00, '2022-07-04 18:49:26'),
(22, 16, 4, 4.00, 320.00, 1280.00, '2022-07-04 18:49:27'),
(23, 17, 1, 3.00, 60.00, 180.00, '2022-07-05 17:17:55'),
(24, 18, 3, 5.00, 96.00, 480.00, '2022-07-05 17:20:12'),
(26, 19, 3, 10.00, 96.00, 960.00, '2022-07-05 19:16:29'),
(27, 20, 1, 44.00, 60.00, 2640.00, '2022-07-22 12:57:20'),
(28, 21, 1, 5.00, 60.00, 300.00, '2022-07-23 09:51:28'),
(29, 22, 1, 5.00, 60.00, 300.00, '2022-07-23 09:51:31'),
(30, 23, 1, 5.00, 60.00, 300.00, '2022-07-23 09:51:32'),
(31, 24, 1, 5.00, 60.00, 300.00, '2022-07-23 09:51:32'),
(32, 25, 1, 5.00, 60.00, 300.00, '2022-07-23 09:51:32'),
(33, 26, 1, 5.00, 60.00, 300.00, '2022-07-23 09:51:33'),
(34, 27, 1, 5.00, 60.00, 300.00, '2022-07-23 09:51:33'),
(35, 28, 1, 5.00, 60.00, 300.00, '2022-07-23 09:51:33'),
(36, 29, 1, 5.00, 60.00, 300.00, '2022-07-23 09:51:33'),
(37, 30, 1, 5.00, 60.00, 300.00, '2022-07-23 09:51:33'),
(38, 31, 1, 5.00, 60.00, 300.00, '2022-07-23 09:51:33'),
(39, 32, 1, 5.00, 60.00, 300.00, '2022-07-23 09:51:34'),
(40, 33, 1, 2.00, 60.00, 120.00, '2022-07-23 09:58:03'),
(41, 34, 4, 1.00, 320.00, 320.00, '2022-07-23 10:00:56'),
(42, 35, 6, 3.00, 145.00, 435.00, '2022-07-23 10:02:53'),
(43, 36, 5, 3.00, 197.00, 591.00, '2022-07-23 10:03:40'),
(44, 41, 4, 1.00, 320.00, 320.00, '2022-07-23 10:14:57'),
(45, 42, 6, 1.00, 145.00, 145.00, '2022-07-23 10:15:16'),
(46, 43, 4, 4.00, 320.00, 1280.00, '2022-07-23 10:16:09'),
(47, 44, 1, 5.00, 60.00, 300.00, '2022-07-23 11:06:24'),
(48, 45, 3, 5.00, 96.00, 480.00, '2022-07-23 11:07:21'),
(49, 46, 4, 2.00, 320.00, 640.00, '2022-07-23 11:11:26'),
(50, 47, 4, 2.00, 320.00, 640.00, '2022-07-23 11:14:55'),
(51, 48, 4, 2.00, 320.00, 640.00, '2022-07-23 11:14:59'),
(52, 49, 7, 1.00, 2000.00, 2000.00, '2022-07-23 11:15:59'),
(53, 50, 5, 1.00, 197.00, 197.00, '2022-07-23 11:17:18'),
(54, 51, 5, 1.00, 197.00, 197.00, '2022-07-23 11:17:19'),
(55, 52, 5, 1.00, 197.00, 197.00, '2022-07-23 11:17:20'),
(56, 53, 5, 1.00, 197.00, 197.00, '2022-07-23 11:17:20'),
(57, 54, 5, 1.00, 197.00, 197.00, '2022-07-23 11:17:20'),
(58, 55, 5, 1.00, 197.00, 197.00, '2022-07-23 11:17:20'),
(59, 56, 5, 1.00, 197.00, 197.00, '2022-07-23 11:17:21'),
(60, 57, 5, 1.00, 197.00, 197.00, '2022-07-23 11:17:21'),
(61, 58, 1, 5.00, 60.00, 300.00, '2022-07-23 12:11:10'),
(62, 59, 1, 5.00, 60.00, 300.00, '2022-07-23 12:11:20'),
(63, 60, 11, 1.00, 1000.00, 1000.00, '2022-07-23 12:22:16'),
(64, 61, 11, 1.00, 1000.00, 1000.00, '2022-07-23 12:22:36'),
(65, 62, 4, 3.00, 320.00, 960.00, '2022-07-23 12:24:14'),
(66, 63, 11, 1.00, 1000.00, 1000.00, '2022-07-23 12:24:59'),
(67, 64, 9, 1.00, 2000.00, 2000.00, '2022-07-23 12:31:11'),
(68, 65, 9, 1.00, 2000.00, 2000.00, '2022-07-23 12:31:25'),
(69, 66, 9, 1.00, 2000.00, 2000.00, '2022-07-23 12:31:31'),
(70, 67, 9, 1.00, 2000.00, 2000.00, '2022-07-23 12:31:40'),
(71, 68, 9, 1.00, 2000.00, 2000.00, '2022-07-23 12:31:43'),
(72, 69, 9, 1.00, 2000.00, 2000.00, '2022-07-23 12:31:43'),
(75, 72, 19, 80.00, 480.00, 38400.00, '2022-07-23 12:52:05'),
(76, 73, 21, 40.00, 900.00, 36000.00, '2022-07-23 12:53:29'),
(77, 74, 3, 7.00, 96.00, 672.00, '2022-07-23 12:54:12'),
(78, 75, 20, 2.00, 20.00, 40.00, '2022-07-23 12:54:54'),
(79, 76, 11, 4.00, 1000.00, 4000.00, '2022-07-23 12:55:03'),
(80, 77, 11, 4.00, 1000.00, 4000.00, '2022-07-23 12:55:07'),
(81, 78, 11, 4.00, 1000.00, 4000.00, '2022-07-23 12:55:08'),
(82, 79, 11, 4.00, 1000.00, 4000.00, '2022-07-23 12:55:08'),
(83, 80, 11, 4.00, 1000.00, 4000.00, '2022-07-23 12:55:08'),
(84, 81, 11, 4.00, 1000.00, 4000.00, '2022-07-23 12:55:08'),
(85, 82, 11, 4.00, 1000.00, 4000.00, '2022-07-23 12:55:09'),
(86, 83, 11, 4.00, 1000.00, 4000.00, '2022-07-23 12:55:09'),
(87, 84, 11, 4.00, 1000.00, 4000.00, '2022-07-23 12:55:09'),
(88, 85, 11, 4.00, 1000.00, 4000.00, '2022-07-23 12:55:09'),
(89, 86, 11, 4.00, 1000.00, 4000.00, '2022-07-23 12:55:10'),
(90, 87, 11, 4.00, 1000.00, 4000.00, '2022-07-23 12:55:10'),
(91, 88, 11, 4.00, 1000.00, 4000.00, '2022-07-23 12:55:13'),
(92, 89, 21, 1.00, 900.00, 900.00, '2022-07-23 12:56:16'),
(93, 90, 21, 1.00, 900.00, 900.00, '2022-07-23 12:56:17'),
(94, 91, 21, 1.00, 900.00, 900.00, '2022-07-23 12:56:17'),
(95, 92, 21, 1.00, 900.00, 900.00, '2022-07-23 12:56:17'),
(96, 93, 21, 1.00, 900.00, 900.00, '2022-07-23 12:56:18'),
(97, 94, 21, 1.00, 900.00, 900.00, '2022-07-23 12:56:35'),
(98, 95, 21, 1.00, 900.00, 900.00, '2022-07-23 12:56:46'),
(99, 96, 21, 1.00, 900.00, 900.00, '2022-07-23 12:56:47'),
(100, 97, 21, 1.00, 900.00, 900.00, '2022-07-23 12:56:48'),
(101, 98, 21, 1.00, 900.00, 900.00, '2022-07-23 12:56:49'),
(102, 99, 21, 1.00, 900.00, 900.00, '2022-07-23 12:57:03'),
(103, 100, 21, 1.00, 900.00, 900.00, '2022-07-23 12:57:09'),
(104, 101, 21, 1.00, 900.00, 900.00, '2022-07-23 12:57:37'),
(105, 102, 21, 1.00, 900.00, 900.00, '2022-07-23 12:57:40'),
(106, 103, 13, 1.00, 250.00, 250.00, '2022-07-23 12:58:14'),
(107, 104, 13, 1.00, 250.00, 250.00, '2022-07-23 12:58:31'),
(108, 105, 13, 1.00, 250.00, 250.00, '2022-07-23 12:58:32'),
(109, 106, 13, 1.00, 250.00, 250.00, '2022-07-23 12:58:32'),
(110, 107, 13, 1.00, 250.00, 250.00, '2022-07-23 12:58:33'),
(111, 108, 13, 1.00, 250.00, 250.00, '2022-07-23 12:58:33'),
(112, 109, 13, 1.00, 250.00, 250.00, '2022-07-23 12:58:33'),
(113, 110, 13, 1.00, 250.00, 250.00, '2022-07-23 12:58:33'),
(114, 111, 13, 1.00, 250.00, 250.00, '2022-07-23 12:58:35'),
(115, 112, 13, 1.00, 250.00, 250.00, '2022-07-23 12:58:36'),
(116, 113, 13, 1.00, 250.00, 250.00, '2022-07-23 12:58:36'),
(117, 114, 13, 1.00, 250.00, 250.00, '2022-07-23 12:58:36'),
(118, 115, 13, 1.00, 250.00, 250.00, '2022-07-23 12:58:36'),
(119, 116, 13, 1.00, 250.00, 250.00, '2022-07-23 12:58:36'),
(120, 117, 13, 1.00, 250.00, 250.00, '2022-07-23 12:58:36'),
(121, 118, 13, 1.00, 250.00, 250.00, '2022-07-23 12:58:37'),
(122, 119, 13, 1.00, 250.00, 250.00, '2022-07-23 12:58:37'),
(123, 120, 13, 1.00, 250.00, 250.00, '2022-07-23 12:58:37'),
(124, 121, 13, 1.00, 250.00, 250.00, '2022-07-23 12:58:38'),
(125, 122, 13, 1.00, 250.00, 250.00, '2022-07-23 12:58:38'),
(126, 123, 13, 1.00, 250.00, 250.00, '2022-07-23 12:58:39'),
(127, 124, 13, 1.00, 250.00, 250.00, '2022-07-23 12:58:39'),
(128, 125, 13, 1.00, 250.00, 250.00, '2022-07-23 12:58:47'),
(129, 126, 4, 1.00, 320.00, 320.00, '2022-07-23 13:00:04'),
(130, 127, 4, 1.00, 320.00, 320.00, '2022-07-23 13:00:11'),
(131, 128, 21, 10.00, 900.00, 9000.00, '2022-07-23 13:00:56'),
(133, 130, 3, 1.00, 96.00, 96.00, '2022-07-23 13:01:23'),
(134, 131, 10, 1.00, 2000.00, 2000.00, '2022-07-23 13:01:34'),
(135, 132, 8, 4.00, 2000.00, 8000.00, '2022-07-23 13:02:03'),
(136, 133, 22, 10.00, 150.00, 1500.00, '2022-07-23 13:02:35'),
(137, 134, 20, 1.00, 20.00, 20.00, '2022-07-23 13:02:49'),
(138, 135, 13, 6.00, 250.00, 1500.00, '2022-07-23 13:03:11'),
(139, 136, 1, 1.00, 60.00, 60.00, '2022-07-23 13:03:18'),
(140, 137, 1, 1.00, 60.00, 60.00, '2022-07-23 13:03:19'),
(141, 138, 1, 1.00, 60.00, 60.00, '2022-07-23 13:03:20'),
(142, 139, 1, 1.00, 60.00, 60.00, '2022-07-23 13:03:20'),
(143, 140, 1, 1.00, 60.00, 60.00, '2022-07-23 13:03:20'),
(144, 141, 1, 1.00, 60.00, 60.00, '2022-07-23 13:03:20'),
(145, 142, 1, 1.00, 60.00, 60.00, '2022-07-23 13:03:20'),
(146, 143, 1, 1.00, 60.00, 60.00, '2022-07-23 13:03:21'),
(147, 144, 1, 1.00, 60.00, 60.00, '2022-07-23 13:03:21'),
(148, 145, 1, 1.00, 60.00, 60.00, '2022-07-23 13:03:21'),
(149, 146, 1, 1.00, 60.00, 60.00, '2022-07-23 13:03:21'),
(150, 147, 1, 1.00, 60.00, 60.00, '2022-07-23 13:03:23'),
(151, 148, 1, 1.00, 60.00, 60.00, '2022-07-23 13:03:23'),
(152, 149, 1, 1.00, 60.00, 60.00, '2022-07-23 13:04:07'),
(153, 150, 2, 1.00, 90.00, 90.00, '2022-07-23 13:06:41'),
(154, 151, 6, 5.00, 145.00, 725.00, '2022-07-23 13:06:57'),
(155, 152, 14, 1.00, 2500.00, 2500.00, '2022-07-23 13:07:13'),
(156, 153, 6, 2.00, 145.00, 290.00, '2022-07-23 13:07:31'),
(157, 154, 3, 1.00, 96.00, 96.00, '2022-07-23 17:30:55'),
(158, 154, 8, 1.00, 2000.00, 2000.00, '2022-07-23 17:30:55'),
(159, 155, 5, 1.00, 197.00, 197.00, '2022-07-23 17:36:25'),
(160, 155, 9, 1.00, 1600.00, 1600.00, '2022-07-23 17:36:25'),
(161, 156, 2, 3.00, 90.00, 270.00, '2022-07-23 17:53:36'),
(162, 156, 4, 2.00, 320.00, 640.00, '2022-07-23 17:53:36'),
(163, 157, 3, 2.00, 96.00, 192.00, '2022-07-23 17:56:13'),
(164, 157, 9, 1.00, 1600.00, 1600.00, '2022-07-23 17:56:13'),
(165, 157, 5, 2.00, 197.00, 394.00, '2022-07-23 17:56:13');

-- --------------------------------------------------------

--
-- Table structure for table `orderdetails`
--

CREATE TABLE `orderdetails` (
  `id` int(11) NOT NULL,
  `order_id` int(11) NOT NULL,
  `product_id` int(11) NOT NULL,
  `quantity` decimal(5,2) NOT NULL,
  `price` decimal(10,2) NOT NULL,
  `total` decimal(10,2) NOT NULL,
  `created` timestamp NOT NULL DEFAULT current_timestamp()
) ENGINE=InnoDB DEFAULT CHARSET=utf8mb4 COLLATE=utf8mb4_general_ci;

--
-- Dumping data for table `orderdetails`
--

INSERT INTO `orderdetails` (`id`, `order_id`, `product_id`, `quantity`, `price`, `total`, `created`) VALUES
(1, 2, 4, 100.00, 320.00, 32000.00, '2022-07-05 13:12:46'),
(2, 2, 5, 50.00, 197.00, 9850.00, '2022-07-05 13:12:46'),
(3, 3, 6, 50.00, 145.00, 7250.00, '2022-07-05 13:14:43'),
(4, 3, 3, 55.00, 96.00, 5280.00, '2022-07-05 13:14:43'),
(5, 4, 3, 100.00, 96.00, 9600.00, '2022-07-23 04:21:42'),
(6, 5, 6, 20.00, 145.00, 2900.00, '2022-07-23 05:08:06'),
(7, 6, 2, 20.00, 90.00, 1800.00, '2022-07-23 05:08:36'),
(8, 7, 2, 20.00, 90.00, 1800.00, '2022-07-23 05:08:41'),
(9, 8, 2, 20.00, 90.00, 1800.00, '2022-07-23 05:08:42'),
(10, 9, 2, 20.00, 90.00, 1800.00, '2022-07-23 05:08:43'),
(11, 10, 6, 60.00, 145.00, 8700.00, '2022-07-23 05:09:09'),
(12, 11, 4, 500.00, 320.00, 160000.00, '2022-07-23 05:10:06'),
(13, 11, 4, 600.00, 320.00, 192000.00, '2022-07-23 05:10:06'),
(14, 12, 4, 500.00, 320.00, 160000.00, '2022-07-23 05:10:10'),
(15, 12, 4, 600.00, 320.00, 192000.00, '2022-07-23 05:10:10'),
(16, 13, 5, 900.00, 197.00, 177300.00, '2022-07-23 05:10:49'),
(17, 14, 3, 999.99, 96.00, 96000.00, '2022-07-23 05:11:38'),
(18, 15, 1, 600.00, 60.00, 36000.00, '2022-07-23 05:12:42'),
(19, 16, 5, 60.00, 197.00, 11820.00, '2022-07-23 05:13:35'),
(20, 17, 5, 60.00, 197.00, 11820.00, '2022-07-23 05:13:37'),
(21, 18, 3, 1.00, 96.00, 96.00, '2022-07-23 05:13:57'),
(22, 19, 6, 10.00, 145.00, 1450.00, '2022-07-23 05:14:20'),
(23, 20, 2, 999.99, 90.00, 900000.00, '2022-07-23 05:14:40'),
(24, 21, 3, 300.00, 96.00, 28800.00, '2022-07-23 05:15:26'),
(25, 22, 3, 300.00, 96.00, 28800.00, '2022-07-23 05:15:40'),
(26, 23, 2, 500.00, 90.00, 45000.00, '2022-07-23 05:16:11'),
(27, 24, 5, 300.00, 197.00, 59100.00, '2022-07-23 06:11:08'),
(28, 25, 5, 60.00, 197.00, 11820.00, '2022-07-23 06:11:46'),
(29, 26, 9, 80.00, 2000.00, 160000.00, '2022-07-23 06:12:08'),
(30, 27, 2, 700.00, 90.00, 63000.00, '2022-07-23 06:12:35'),
(31, 28, 6, 999.99, 145.00, 145000.00, '2022-07-23 06:13:02'),
(32, 29, 5, 900.00, 197.00, 177300.00, '2022-07-23 06:13:56'),
(33, 30, 11, 100.00, 1000.00, 100000.00, '2022-07-23 06:14:42'),
(34, 31, 11, 100.00, 1000.00, 100000.00, '2022-07-23 06:14:50'),
(35, 32, 6, 600.00, 145.00, 87000.00, '2022-07-23 06:16:09'),
(36, 33, 7, 999.99, 2000.00, 3600000.00, '2022-07-23 06:17:27'),
(37, 34, 5, 700.00, 197.00, 137900.00, '2022-07-23 06:18:00'),
(38, 35, 12, 999.99, 125000.00, 99999999.99, '2022-07-23 06:18:41'),
(39, 36, 11, 500.00, 1000.00, 500000.00, '2022-07-23 06:19:09'),
(40, 37, 2, 999.99, 90.00, 171000.00, '2022-07-23 06:19:42'),
(41, 38, 5, 999.99, 197.00, 591000.00, '2022-07-23 06:20:52'),
(42, 39, 12, 999.99, 125000.00, 99999999.99, '2022-07-23 06:21:22'),
(43, 40, 6, 999.99, 145.00, 652500.00, '2022-07-23 06:22:04'),
(44, 41, 9, 999.99, 2000.00, 2400000.00, '2022-07-23 06:22:50'),
(45, 42, 6, 999.99, 145.00, 275500.00, '2022-07-23 06:23:35'),
(46, 43, 11, 999.99, 1000.00, 1500000.00, '2022-07-23 06:23:59'),
(47, 44, 13, 999.99, 250.00, 45000000.00, '2022-07-23 06:25:04'),
(48, 45, 12, 999.99, 125000.00, 99999999.99, '2022-07-23 06:26:03'),
(49, 46, 19, 999.99, 480.00, 43200000.00, '2022-07-23 06:30:37'),
(50, 47, 17, 999.99, 380.00, 6080000.00, '2022-07-23 06:31:03'),
(51, 48, 14, 670.00, 2500.00, 1675000.00, '2022-07-23 06:31:26'),
(52, 49, 21, 999.99, 900.00, 13500000.00, '2022-07-23 06:35:17'),
(53, 50, 2, 999.99, 90.00, 144000.00, '2022-07-23 06:36:16'),
(54, 51, 22, 999.99, 150.00, 285000.00, '2022-07-23 06:38:16'),
(55, 52, 23, 30.00, 108000.00, 3240000.00, '2022-07-23 06:40:49'),
(56, 53, 13, 56.00, 250.00, 14000.00, '2022-07-23 13:31:52'),
(57, 54, 5, 50.00, 197.00, 9850.00, '2022-07-23 13:32:24'),
(58, 55, 9, 35.00, 1600.00, 56000.00, '2022-07-23 13:32:51'),
(59, 56, 4, 100.00, 320.00, 32000.00, '2022-07-23 13:33:30'),
(60, 57, 8, 44.00, 2000.00, 88000.00, '2022-07-23 13:34:22'),
(61, 58, 6, 30.00, 145.00, 4350.00, '2022-07-23 13:34:52'),
(62, 59, 7, 25.00, 2200.00, 55000.00, '2022-07-23 13:35:24'),
(63, 60, 17, 36.00, 380.00, 13680.00, '2022-07-23 13:35:49'),
(64, 61, 20, 40.00, 20.00, 800.00, '2022-07-23 13:36:10'),
(65, 62, 5, 80.00, 197.00, 15760.00, '2022-07-23 13:36:34'),
(66, 63, 15, 3.00, 15000.00, 45000.00, '2022-07-23 13:36:58'),
(67, 64, 2, 54.00, 90.00, 4860.00, '2022-07-23 13:37:26'),
(68, 65, 20, 20.00, 20.00, 400.00, '2022-07-23 13:37:44'),
(69, 66, 1, 34.00, 60.00, 2040.00, '2022-07-23 13:38:13'),
(70, 67, 5, 40.00, 197.00, 7880.00, '2022-07-23 13:38:31'),
(71, 68, 2, 30.00, 90.00, 2700.00, '2022-07-23 13:39:00'),
(72, 69, 21, 10.00, 900.00, 9000.00, '2022-07-23 13:39:32'),
(73, 70, 9, 8.00, 1600.00, 12800.00, '2022-07-23 13:40:00'),
(74, 71, 13, 30.00, 250.00, 7500.00, '2022-07-23 13:40:21'),
(75, 72, 10, 10.00, 1800.00, 18000.00, '2022-07-23 13:40:47'),
(76, 73, 7, 5.00, 2200.00, 11000.00, '2022-07-23 13:41:10'),
(77, 74, 14, 5.00, 2500.00, 12500.00, '2022-07-23 13:41:50'),
(78, 75, 6, 40.00, 145.00, 5800.00, '2022-07-23 13:42:13'),
(79, 76, 4, 30.00, 320.00, 9600.00, '2022-07-23 13:42:45'),
(80, 77, 6, 69.00, 145.00, 10005.00, '2022-07-23 13:43:29'),
(81, 78, 3, 27.00, 96.00, 2592.00, '2022-07-23 13:44:14'),
(82, 78, 8, 15.00, 2000.00, 30000.00, '2022-07-23 13:44:14'),
(83, 79, 2, 40.00, 90.00, 3600.00, '2022-07-23 13:44:55'),
(84, 79, 5, 20.00, 197.00, 3940.00, '2022-07-23 13:44:55'),
(85, 80, 19, 40.00, 480.00, 19200.00, '2022-07-23 13:45:41'),
(86, 81, 1, 110.00, 60.00, 6600.00, '2022-07-23 13:50:05'),
(87, 82, 1, 110.00, 60.00, 6600.00, '2022-07-23 13:50:41'),
(88, 82, 4, 20.00, 320.00, 6400.00, '2022-07-23 13:50:41'),
(89, 83, 5, 76.00, 197.00, 14972.00, '2022-07-23 13:51:40'),
(90, 84, 4, 50.00, 320.00, 16000.00, '2022-07-23 13:52:15'),
(91, 85, 6, 70.00, 145.00, 10150.00, '2022-07-23 13:52:55'),
(92, 86, 7, 6.00, 2200.00, 13200.00, '2022-07-23 13:54:01'),
(93, 87, 2, 127.00, 90.00, 11430.00, '2022-07-23 13:55:38'),
(94, 88, 5, 73.00, 197.00, 14381.00, '2022-07-23 13:56:25'),
(95, 89, 20, 500.00, 20.00, 10000.00, '2022-07-23 13:57:43'),
(96, 90, 3, 117.00, 96.00, 11232.00, '2022-07-23 13:58:23');

-- --------------------------------------------------------

--
-- Table structure for table `orders`
--

CREATE TABLE `orders` (
  `id` int(11) NOT NULL,
  `supplier_id` int(11) NOT NULL,
  `nettotal` decimal(10,2) NOT NULL,
  `discount` decimal(10,2) NOT NULL,
  `grandtotal` decimal(10,2) NOT NULL,
  `comment` varchar(512) NOT NULL,
  `payment_type` int(2) NOT NULL,
  `trxid` varchar(30) NOT NULL,
  `created` timestamp NOT NULL DEFAULT current_timestamp(),
  `updated` timestamp NULL DEFAULT NULL
) ENGINE=InnoDB DEFAULT CHARSET=utf8mb4 COLLATE=utf8mb4_general_ci;

--
-- Dumping data for table `orders`
--

INSERT INTO `orders` (`id`, `supplier_id`, `nettotal`, `discount`, `grandtotal`, `comment`, `payment_type`, `trxid`, `created`, `updated`) VALUES
(2, 4, 41850.00, 0.00, 41850.00, 'asdwerewd', 2, 'sadasfdfgsd', '2021-12-31 13:12:46', NULL),
(3, 5, 12530.00, 0.00, 12530.00, 'asdweefef', 3, 'sadasdsdger', '2022-01-05 13:14:43', NULL),
(4, 3, 9600.00, 0.00, 9600.00, 'sztfyr', 4, '', '2022-01-15 04:21:42', NULL),
(5, 0, 2900.00, 50.00, 2850.00, 'asdas', 4, '', '2022-01-17 05:08:06', NULL),
(6, 5, 1800.00, 0.00, 1800.00, '', 1, '01238657nknmk', '2022-01-19 05:08:35', NULL),
(7, 5, 1800.00, 0.00, 1800.00, '', 1, '01238657nknmk', '2022-01-21 05:08:41', NULL),
(8, 5, 1800.00, 0.00, 1800.00, '', 1, '01238657nknmk', '2022-01-23 05:08:42', NULL),
(9, 5, 1800.00, 0.00, 1800.00, '', 1, '01238657nknmk', '2022-01-25 05:08:43', NULL),
(10, 5, 8700.00, 0.00, 8700.00, '', 4, '', '2022-02-07 05:09:09', NULL),
(11, 0, 352000.00, 0.00, 352000.00, '', 3, 'kgjgu1244', '2022-02-10 05:10:06', NULL),
(12, 0, 52000.00, 0.00, 52000.00, '', 3, 'kgjgu1244', '2022-07-23 05:10:10', NULL),
(13, 8, 177300.00, 0.00, 177300.00, '', 2, '134ghes', '2022-02-10 05:10:49', NULL),
(14, 8, 96000.00, 0.00, 96000.00, '', 3, '', '2022-02-12 05:11:38', NULL),
(15, 8, 36000.00, 0.00, 36000.00, '', 2, '', '2022-02-15 05:12:42', NULL),
(16, 9, 11820.00, 0.00, 11820.00, '', 2, '', '2022-02-17 05:13:35', NULL),
(17, 9, 11820.00, 0.00, 11820.00, '', 2, '', '2022-02-19 05:13:37', NULL),
(18, 8, 96.00, 0.00, 96.00, '', 2, '7442321vfbhgnb ', '2022-02-21 05:13:57', NULL),
(19, 3, 1450.00, 0.00, 1450.00, '', 4, '', '2022-02-23 05:14:19', NULL),
(20, 10, 900000.00, 0.00, 900000.00, '', 4, '', '2022-02-25 05:14:40', NULL),
(21, 0, 28800.00, 0.00, 28800.00, '', 4, '', '2022-02-28 05:15:26', NULL),
(22, 4, 28800.00, 0.00, 28800.00, '', 4, '', '2022-01-01 05:15:40', NULL),
(23, 3, 45000.00, 0.00, 45000.00, '', 4, '', '2022-01-03 05:16:11', NULL),
(24, 13, 59100.00, 0.00, 59100.00, '', 4, '', '2022-01-07 06:11:07', NULL),
(25, 10, 11820.00, 0.00, 11820.00, '', 4, '', '2022-01-09 06:11:46', NULL),
(26, 7, 160000.00, 0.00, 160000.00, '', 4, '', '2022-01-11 06:12:08', NULL),
(27, 12, 63000.00, 0.00, 63000.00, '', 4, '', '2022-01-14 06:12:35', NULL),
(28, 1, 145000.00, 0.00, 145000.00, '', 4, '', '2022-01-17 06:13:02', NULL),
(29, 9, 177300.00, 0.00, 177300.00, '', 4, '', '2022-01-19 06:13:56', NULL),
(30, 3, 100000.00, 0.00, 100000.00, '', 4, '', '2022-01-23 06:14:42', NULL),
(31, 3, 100000.00, 0.00, 100000.00, '', 4, '', '2022-01-24 06:14:50', NULL),
(32, 3, 87000.00, 0.00, 87000.00, '', 4, '', '2022-01-26 06:16:09', NULL),
(33, 2, 3600000.00, 0.00, 3600000.00, '', 4, '', '2022-02-28 06:17:27', NULL),
(34, 3, 137900.00, 0.00, 137900.00, '', 4, '', '2022-07-03 06:18:00', NULL),
(35, 9, 999999.99, 0.00, 999999.99, '', 4, '', '2022-03-05 06:18:41', NULL),
(36, 2, 100000.00, 0.00, 100000.00, '', 4, '', '2022-07-08 06:19:09', NULL),
(37, 13, 171000.00, 0.00, 171000.00, '', 4, '', '2022-06-09 06:19:42', NULL),
(38, 12, 591000.00, 0.00, 591000.00, '', 2, '785jhgd', '2022-06-10 06:20:52', NULL),
(39, 8, 999999.99, 0.00, 999999.99, '', 3, '087tyurfty', '2022-04-13 06:21:22', NULL),
(40, 13, 652500.00, 0.00, 652500.00, '', 2, '09786ghmkhf', '2022-06-15 06:22:04', NULL),
(41, 0, 2400000.00, 0.00, 2400000.00, '', 4, '', '2022-06-18 06:22:50', NULL),
(42, 11, 275500.00, 0.00, 275500.00, '', 2, 'i78gs', '2022-06-19 06:23:35', NULL),
(43, 3, 1500000.00, 0.00, 1500000.00, '', 4, '', '2022-06-20 06:23:59', NULL),
(44, 11, 450000.00, 0.00, 450000.00, '', 4, '', '2022-04-23 06:25:04', NULL),
(45, 9, 99999.99, 0.00, 99999.99, '', 4, '', '2022-06-27 06:26:03', NULL),
(48, 10, 1675000.00, 0.00, 1675000.00, '', 4, '', '2022-05-09 06:31:26', NULL),
(50, 3, 144000.00, 0.00, 144000.00, '', 4, '', '2022-05-12 06:36:16', NULL),
(51, 2, 285000.00, 0.00, 285000.00, '', 4, '', '2022-05-15 06:38:16', NULL),
(53, 0, 14000.00, 0.00, 14000.00, 'drgthytfhjyf', 4, '', '2022-05-19 13:31:52', NULL),
(54, 10, 9850.00, 0.00, 9850.00, 'egdshjftjktdtw', 4, '', '2022-05-20 13:32:24', NULL),
(55, 1, 56000.00, 0.00, 56000.00, 'fdsvbb', 4, '', '2022-05-21 13:32:51', NULL),
(56, 3, 32000.00, 0.00, 32000.00, 'safdhgyjkyukr', 4, '', '2022-05-23 13:33:29', NULL),
(57, 4, 88000.00, 0.00, 88000.00, 'xzvdzfnfhjhh', 4, '', '2022-05-31 13:34:21', NULL),
(58, 9, 4350.00, 0.00, 4350.00, 'zvdhtyjku', 4, '', '2022-06-03 13:34:52', NULL),
(59, 11, 55000.00, 0.00, 55000.00, 'hstrhjhyshgf', 4, '', '2022-06-08 13:35:24', NULL),
(60, 7, 13680.00, 0.00, 13680.00, 'cdfdg', 4, '', '2022-06-10 13:35:49', NULL),
(61, 8, 800.00, 0.00, 800.00, 'xsczvfxh', 4, '', '2022-06-11 13:36:10', NULL),
(62, 7, 15760.00, 0.00, 15760.00, 'fgdsfhdfj', 4, '', '2022-06-13 13:36:34', NULL),
(63, 4, 45000.00, 0.00, 45000.00, 'scdxfhfgj', 4, '', '2022-06-14 13:36:58', NULL),
(64, 9, 4860.00, 0.00, 4860.00, 'zxvfbgnh', 4, '', '2022-06-18 13:37:26', NULL),
(65, 11, 400.00, 0.00, 400.00, 'fbfhfghyt', 4, '', '2022-06-20 13:37:44', NULL),
(66, 4, 2040.00, 0.00, 2040.00, 'dvfdghtrh', 4, '', '2022-06-21 13:38:13', NULL),
(67, 9, 7880.00, 0.00, 7880.00, 'fvfdbfgbf', 4, '', '2022-06-22 13:38:31', NULL),
(68, 4, 2700.00, 0.00, 2700.00, '346t5yth', 4, '', '2022-06-23 13:39:00', NULL),
(69, 8, 9000.00, 0.00, 9000.00, 'sgrtheytde', 4, '', '2022-06-30 13:39:32', NULL),
(70, 7, 12800.00, 0.00, 12800.00, 'dfgsryh', 4, '', '2022-07-01 13:40:00', NULL),
(71, 4, 7500.00, 0.00, 7500.00, 'ZXscfdzgdfg', 4, '', '2022-07-02 13:40:21', NULL),
(72, 8, 18000.00, 0.00, 18000.00, 'cvdfgfhyth', 4, '', '2022-07-03 13:40:47', NULL),
(73, 8, 11000.00, 0.00, 11000.00, 'dfdgdfgh', 4, '', '2022-07-04 13:41:10', NULL),
(74, 7, 12500.00, 0.00, 12500.00, 'Zscsdzg', 4, '', '2022-07-05 13:41:50', NULL),
(75, 4, 5800.00, 0.00, 5800.00, 'dfdgtdhytjyuj', 4, '', '2022-07-06 13:42:13', NULL),
(76, 8, 9600.00, 0.00, 9600.00, 'scsdgdfhftyj', 4, '', '2022-07-07 13:42:44', NULL),
(77, 8, 10005.00, 0.00, 10005.00, 'dfrgrtyry', 4, '', '2022-07-08 13:43:29', NULL),
(78, 4, 32592.00, 0.00, 32592.00, 'sfagthryjefee', 4, '', '2022-07-09 13:44:14', NULL),
(79, 7, 7540.00, 0.00, 7540.00, 'scdsfsdzv', 4, '', '2022-07-10 13:44:55', NULL),
(80, 7, 19200.00, 0.00, 19200.00, 'scdsgfdhfjnhgm', 4, '', '2022-07-11 13:45:40', NULL),
(81, 4, 6600.00, 0.00, 6600.00, 'scdfvgffgh', 1, 'zxvdfgdsg', '2022-07-12 13:50:05', NULL),
(82, 4, 13000.00, 0.00, 13000.00, 'scdfvgffgh', 1, 'zxvdfgdsg', '2022-07-13 13:50:41', NULL),
(83, 0, 14972.00, 0.00, 14972.00, 'xzvcbbewfgaeg', 1, 'xvhzxfb', '2022-07-14 13:51:39', NULL),
(84, 8, 16000.00, 0.00, 16000.00, 'Sdsfdrfg', 1, 'zzxxzcz', '2022-07-15 13:52:15', NULL),
(85, 8, 10150.00, 0.00, 10150.00, 'sgergstrhds', 1, 'sdgtrherhty', '2022-07-16 13:52:55', NULL),
(86, 7, 13200.00, 0.00, 13200.00, 'dgdshgfhhh', 2, 'hjfjtfjkdtk', '2022-07-18 13:54:01', NULL),
(87, 10, 11430.00, 0.00, 11430.00, 'fdhrnjygjd', 2, 'hjgfjdd', '2022-07-20 13:55:38', NULL),
(88, 4, 14381.00, 0.00, 14381.00, 'ytyeytrr', 2, 'ytjrsdgfd', '2022-07-21 13:56:25', NULL),
(89, 1, 10000.00, 0.00, 10000.00, 'dgddrfhtfxhtrhtr', 2, 'cfhdxhzd', '2022-07-22 13:57:43', NULL),
(90, 3, 11232.00, 0.00, 11232.00, 'hxfhfgjyjydhd', 4, '', '2022-07-23 13:58:22', NULL);

-- --------------------------------------------------------

--
-- Table structure for table `products`
--

CREATE TABLE `products` (
  `id` int(11) NOT NULL,
  `barcode` varchar(30) NOT NULL,
  `name` varchar(255) NOT NULL,
  `company_name` varchar(255) NOT NULL,
  `category_id` int(11) NOT NULL,
  `supplier_id` int(11) NOT NULL,
  `wholesale_price` decimal(20,2) NOT NULL,
  `retail_price` decimal(20,2) NOT NULL,
  `purchase_price` decimal(20,2) NOT NULL,
  `quantity` int(11) NOT NULL,
  `description` varchar(500) NOT NULL,
  `tax` decimal(5,2) NOT NULL,
  `created` timestamp NOT NULL DEFAULT current_timestamp(),
  `deleted` timestamp NULL DEFAULT NULL
) ENGINE=InnoDB DEFAULT CHARSET=utf8mb4 COLLATE=utf8mb4_general_ci;

--
-- Dumping data for table `products`
--

INSERT INTO `products` (`id`, `barcode`, `name`, `company_name`, `category_id`, `supplier_id`, `wholesale_price`, `retail_price`, `purchase_price`, `quantity`, `description`, `tax`, `created`, `deleted`) VALUES
(1, '12343234', 'fojli', 'AZ Agro Ltd.', 1, 1, 50.00, 60.00, 35.00, 662, 'Fresh fruits', 0.00, '2022-06-20 20:48:55', NULL),
(2, '12343222', 'Himsagar Mango (kg)', 'Confident Mart Ltd.', 1, 4, 75.00, 90.00, 50.00, 5079, 'Fresh Fruits', 5.00, '2022-06-20 20:48:55', NULL),
(3, '999999', 'Teer 1 Litre pack soyabin oil', 'Teer', 3, 5, 90.00, 96.00, 85.00, 1878, 'lorem ipsum', 0.00, '2022-06-27 11:12:02', NULL),
(4, '859323', 'Aarong Ghee (200gm)', 'Aarong', 3, 4, 280.00, 320.00, 260.00, 2381, 'Aarong ghee', 0.00, '2022-07-04 18:45:26', NULL),
(5, '9833224', 'Fresh Soyabin Oil Poly Pack 1ltr', 'Fresh', 3, 5, 185.00, 197.00, 170.00, 6226, 'Fresh Soyabin Oil Poly', 0.00, '2022-07-04 18:46:43', NULL),
(6, '8593133', 'Kishwan Mustard Oil (500ml)', 'Kishwan', 3, 1, 136.00, 145.00, 120.00, 8349, 'Kishwan Mustard Oil', 0.00, '2022-07-04 18:48:00', NULL),
(7, '666655', 'Rayban Sunglass', 'Rayban', 6, 7, 2100.00, 2200.00, 1700.00, 1949, 'Super Quality', 7.50, '2022-07-23 11:15:15', NULL),
(8, '001122', 'Police Sunglass', 'Police', 6, 7, 2500.00, 2000.00, 3000.00, 95, 'Good Product', 7.50, '2022-07-23 11:16:05', NULL),
(9, '555511', 'Parada Sunglass', 'Parada', 6, 7, 1500.00, 1600.00, 1300.00, 1492, 'Nice', 7.50, '2022-07-23 11:16:40', NULL),
(10, '666633', 'Gucci Sunglass', 'Gucci', 6, 7, 1700.00, 1800.00, 1500.00, 120, 'Super', 7.50, '2022-07-23 11:17:36', NULL),
(11, '4567893', 'Footwear', 'Levo', 5, 13, 1500.00, 1000.00, 2000.00, 2245, 'Good', 4.00, '2022-07-23 11:18:30', NULL),
(12, '00112322', 'Electronics', 'Iphone', 4, 6, 120000.00, 125000.00, 150000.00, 37820, '', 15.00, '2022-07-23 12:17:26', NULL),
(13, '6666660', 'Orange', 'Orange', 1, 8, 300.00, 250.00, 220.00, 180571, 'Fresh', 2.00, '2022-07-23 12:24:20', NULL),
(14, '5555551', 'Footwear', 'Sachi', 5, 11, 2400.00, 2500.00, 2200.00, 689, '', 4.00, '2022-07-23 12:25:22', NULL),
(15, '2012364', 'Electronics', 'Nokia', 4, 9, 18000.00, 15000.00, 14000.00, 10, '', 7.50, '2022-07-23 12:26:34', NULL),
(17, '63455988', 'Papaya', 'Habib', 1, 3, 200.00, 380.00, 300.00, 16500, '', 0.00, '2022-07-23 12:28:10', NULL),
(18, '5555552', 'Electronics', 'Anker', 4, 6, 7000.00, 5000.00, 4000.00, 10, '', 7.50, '2022-07-23 12:28:12', NULL),
(19, '7543567', 'Guava', 'nasir', 1, 11, 400.00, 480.00, 450.00, 97920, '', 0.00, '2022-07-23 12:29:40', NULL),
(20, '1236656498', 'aquafina', 'pran', 1, 8, 15.00, 20.00, 12.00, 117, 'add some details', 10.00, '2022-07-23 12:33:33', NULL),
(21, '5635', 'Grape', 'jakir', 1, 12, 700.00, 900.00, 670.00, 814936, '', 0.00, '2022-07-23 12:34:48', NULL),
(22, '4565465', 'Banana', 'Belal', 1, 8, 100.00, 150.00, 90.00, 5890, '', 0.00, '2022-07-23 12:37:57', NULL),
(23, '4576456', 'TV', 'Tarikh', 4, 8, 50000.00, 108000.00, 45000.00, 70, '', 0.00, '2022-07-23 12:40:19', NULL),
(24, '67537642                      ', 'PC', 'Parvez', 4, 1, 1100000.00, 1244000.00, 550000.00, 29, '', 0.00, '2022-07-23 12:49:21', NULL);

-- --------------------------------------------------------

--
-- Table structure for table `suppliers`
--

CREATE TABLE `suppliers` (
  `id` int(11) NOT NULL,
  `name` varchar(255) NOT NULL,
  `email` varchar(150) NOT NULL,
  `mobile` varchar(20) NOT NULL,
  `address` varchar(255) NOT NULL,
  `created` timestamp NOT NULL DEFAULT current_timestamp(),
  `deleted` timestamp NULL DEFAULT NULL
) ENGINE=InnoDB DEFAULT CHARSET=utf8mb4 COLLATE=utf8mb4_general_ci;

--
-- Dumping data for table `suppliers`
--

INSERT INTO `suppliers` (`id`, `name`, `email`, `mobile`, `address`, `created`, `deleted`) VALUES
(1, 'Arif Khan', 'arif@gmail.com', '01911223344', 'Manikdi, Dhaka Cantonment', '2022-06-20 19:33:48', '2022-07-23 11:11:34'),
(2, 'Md Jony', 'jony@gmail.com', '01911151733', 'Matikata, Dhaka Cantonment', '2022-06-20 19:33:48', '2022-07-23 11:11:40'),
(3, 'Akib Khan', 'akib@gmail.com', '01711223311', 'Chittagong', '2022-06-20 19:56:16', '2022-07-23 11:11:30'),
(4, 'Rony Hossain', 'rony@gmail.com', '01987654312', 'Mohakhali', '2022-06-20 19:58:52', '2022-07-23 11:11:45'),
(5, 'Tamim Hossain', 'tamim@gmail.com', '01988383332', 'Dhaka', '2022-06-20 21:22:27', NULL),
(6, 'Mohsin', 'mohsin@gmail.com', '01733026660', 'Ecb', '2022-07-23 11:06:48', NULL),
(7, 'Bahar', 'bahar@gmail.com', '01670270122', 'Mirpur', '2022-07-23 11:07:22', NULL),
(8, 'Zayed Molla', 'mollazayed@gmail.com', '01670270666', 'Manikdi', '2022-07-23 11:07:59', NULL),
(9, 'Irin Akter Kajol', 'kajol_irin@gmailo.com', '01670270554', 'Pollobi', '2022-07-23 11:09:12', NULL),
(10, 'Shariful Islam', 'shariful@gmail.com', '01670270321', 'Mirpur', '2022-07-23 11:10:29', NULL),
(11, 'Ibrahim ', 'Ibrahim@gmail.com', '01670270222', 'Kazipara', '2022-07-23 11:11:00', NULL),
(12, 'Adnan Hossine', 'adnan@gmail.com', '01670270250', 'Malibag', '2022-07-23 11:12:34', NULL),
(13, 'Apple Mahammud Umer', 'apple@gmail.com', '016702700029', 'Shewrapara', '2022-07-23 11:13:27', NULL);

-- --------------------------------------------------------

--
-- Table structure for table `users`
--

CREATE TABLE `users` (
  `id` int(11) NOT NULL,
  `name` varchar(255) NOT NULL,
  `email` varchar(150) NOT NULL,
  `password` varchar(255) NOT NULL,
  `role` tinyint(4) NOT NULL DEFAULT 1,
  `created_at` timestamp NOT NULL DEFAULT current_timestamp(),
  `deleted_at` timestamp NULL DEFAULT NULL
) ENGINE=InnoDB DEFAULT CHARSET=utf8mb4 COLLATE=utf8mb4_general_ci;

--
-- Dumping data for table `users`
--

INSERT INTO `users` (`id`, `name`, `email`, `password`, `role`, `created_at`, `deleted_at`) VALUES
(11, 'admin12', 'admin@gmail.com', '$2y$10$RlTESBlad1VPMAA.ghoCLehMgO3Zi1DwfYHGma.s8RzGuYUiVRtKy', 2, '2022-06-22 11:08:33', NULL),
(12, 'test', 'test@gmail.com', '$2y$10$kQGyjxVdf6cVfgulgIi2JOld/dJZ/XhWsL8nbO52rZ/fUdMO9o9nu', 1, '2022-06-22 12:17:36', '2024-02-07 05:08:11'),
(13, 'test33', 'test33@gmail.com', '$2y$10$dco2K49IK9W4gZjE2509Lej49AULjke8cJ5S/Wj.xpjE8O6i9dlwO', 1, '2022-06-22 12:34:44', '2024-02-07 05:40:29'),
(14, 'mamun', 'mamun@gmail.com', '$2y$10$V8fKXPGNdRTyBRUFcZdvc.e9xG7JyaRiFeqiah2AZlsKUHkCgr3Vy', 2, '2022-06-26 13:27:04', NULL),
(15, 'Syed Zayed Hossain', 'zayed@gmail.com', '$2y$10$j0gR8oNqIqYXWzN23dSEO.G9fZ.li5.zzrL.sJABcDhdjPxzTP6fS', 3, '2022-07-04 17:08:40', NULL),
(16, 'Adnan', 'adnan@gmail.com', '$2y$10$pDwAHVGnIj2Z6qpPKlb.cOcX2P6JLgk3ZUWgc29WqHJWpDJmFVi.S', 3, '2022-07-23 11:04:01', '2024-02-06 19:47:05'),
(17, 'Mohsin', 'mohsin@gmail.com', '$2y$10$2ROvycqaU7P2h.CziaWWLOS.GrdR3.bG1UO70KC.wAE8ygvSG6UA.', 1, '2022-07-23 11:04:10', NULL),
(18, 'Tasnim', 'tasnimal@gmail.com', '$2y$10$fOKNly0K12Gxhh1bhhWRpuomKY3nfdqdA7PhpSRrCQKHKTWLH.4dy', 1, '2022-07-23 11:05:07', NULL),
(19, 'mr.   mirinda', 'mirinda@gmail.com', '$2y$10$43.MLTwbPzB4GGAkiK4Ps.4q0vUA2kiyKgq3DrmWWnbHWfFLuwW22', 2, '2024-02-05 03:12:55', NULL),
(20, 'MD IQBAL HOSSAIN', 'iqbalmd5692@gmail.com', '$2y$10$KbrlyqUK5H7i5Yc2lyzzZeXQY3KtiqyQKysfVKvP9SoLeabFyqJLm', 1, '2024-02-07 06:54:26', NULL),
(29, 'MD IQBAL HOSSAIN', 'iqbalcccccmd5692@gmail.com', '$2y$10$YmolMa.iTAgE.3NENcbB4OjubWCdbWhxZUFmxQGEUFekYruJf3Pq6', 1, '2024-02-07 07:07:31', '2024-02-06 19:35:17'),
(30, 'vijay', 'gasdf@gmail.com', '$2y$10$vde2pOGhRsOmGSyOHHiTqO8a.E3uHoW/s6tMk/9nAEoWtpRqAvNWu', 3, '2024-02-07 07:25:24', NULL),
(32, 'MD IQBAL HOSSAIN', 'iqbalmffffd5692@gmail.com', '$2y$10$ufjruJnBGv0K8RwRKrDGXubW0wwBQYgn6KEv.Tn96wiKwgTiBG6.6', 1, '2024-02-07 07:30:48', '2024-02-06 19:35:25'),
(33, 'Apple', 'iqbalfdfsdfmd5692@gmail.com', '$2y$10$dXRA/hdzP85ZHHNh3mk5teQ3j2AYX5cecuEmN9Lap.c1m5HJG2KWy', 1, '2024-02-07 07:33:31', NULL),
(34, 'nur int', 'nmelon@gmail.com', '$2y$10$JUuHBKKnY9NPopxgtkSpX.oLGEcfBSdej6ZaPk84zZ5iM.F/mf3FW', 1, '2024-02-07 07:34:45', NULL),
(35, 'mr.  papaya', 'papaya@gmail.com', '$2y$10$3GX6GiK9EaSvRye4OJA0dOIKDXoflSHJtm0Gb5bVui/q4LjoBFPgm', 1, '2024-02-08 14:53:56', NULL);

--
-- Indexes for dumped tables
--

--
-- Indexes for table `accounts`
--
ALTER TABLE `accounts`
  ADD PRIMARY KEY (`id`);

--
-- Indexes for table `categories`
--
ALTER TABLE `categories`
  ADD PRIMARY KEY (`id`);

--
-- Indexes for table `customers`
--
ALTER TABLE `customers`
  ADD PRIMARY KEY (`id`),
  ADD UNIQUE KEY `mobile` (`mobile`);

--
-- Indexes for table `expenses`
--
ALTER TABLE `expenses`
  ADD PRIMARY KEY (`id`);

--
-- Indexes for table `invoice`
--
ALTER TABLE `invoice`
  ADD PRIMARY KEY (`id`);

--
-- Indexes for table `invoicedetails`
--
ALTER TABLE `invoicedetails`
  ADD PRIMARY KEY (`id`);

--
-- Indexes for table `orderdetails`
--
ALTER TABLE `orderdetails`
  ADD PRIMARY KEY (`id`);

--
-- Indexes for table `orders`
--
ALTER TABLE `orders`
  ADD PRIMARY KEY (`id`);

--
-- Indexes for table `products`
--
ALTER TABLE `products`
  ADD PRIMARY KEY (`id`),
  ADD UNIQUE KEY `barcode` (`barcode`),
  ADD KEY `category_id` (`category_id`),
  ADD KEY `supplier_id` (`supplier_id`);

--
-- Indexes for table `suppliers`
--
ALTER TABLE `suppliers`
  ADD PRIMARY KEY (`id`);

--
-- Indexes for table `users`
--
ALTER TABLE `users`
  ADD PRIMARY KEY (`id`),
  ADD UNIQUE KEY `email` (`email`);

--
-- AUTO_INCREMENT for dumped tables
--

--
-- AUTO_INCREMENT for table `accounts`
--
ALTER TABLE `accounts`
  MODIFY `id` int(11) NOT NULL AUTO_INCREMENT, AUTO_INCREMENT=5;

--
-- AUTO_INCREMENT for table `categories`
--
ALTER TABLE `categories`
  MODIFY `id` int(11) NOT NULL AUTO_INCREMENT, AUTO_INCREMENT=9;

--
-- AUTO_INCREMENT for table `customers`
--
ALTER TABLE `customers`
  MODIFY `id` int(11) NOT NULL AUTO_INCREMENT, AUTO_INCREMENT=17;

--
-- AUTO_INCREMENT for table `expenses`
--
ALTER TABLE `expenses`
  MODIFY `id` int(11) NOT NULL AUTO_INCREMENT, AUTO_INCREMENT=21;

--
-- AUTO_INCREMENT for table `invoice`
--
ALTER TABLE `invoice`
  MODIFY `id` int(11) NOT NULL AUTO_INCREMENT, AUTO_INCREMENT=158;

--
-- AUTO_INCREMENT for table `invoicedetails`
--
ALTER TABLE `invoicedetails`
  MODIFY `id` int(11) NOT NULL AUTO_INCREMENT, AUTO_INCREMENT=166;

--
-- AUTO_INCREMENT for table `products`
--
ALTER TABLE `products`
  MODIFY `id` int(11) NOT NULL AUTO_INCREMENT, AUTO_INCREMENT=25;

--
-- AUTO_INCREMENT for table `suppliers`
--
ALTER TABLE `suppliers`
  MODIFY `id` int(11) NOT NULL AUTO_INCREMENT, AUTO_INCREMENT=14;

--
-- AUTO_INCREMENT for table `users`
--
ALTER TABLE `users`
  MODIFY `id` int(11) NOT NULL AUTO_INCREMENT, AUTO_INCREMENT=36;

--
-- Constraints for dumped tables
--

--
-- Constraints for table `products`
--
ALTER TABLE `products`
  ADD CONSTRAINT `products_ibfk_1` FOREIGN KEY (`category_id`) REFERENCES `categories` (`id`) ON UPDATE CASCADE,
  ADD CONSTRAINT `products_ibfk_2` FOREIGN KEY (`supplier_id`) REFERENCES `suppliers` (`id`) ON UPDATE CASCADE;
COMMIT;

/*!40101 SET CHARACTER_SET_CLIENT=@OLD_CHARACTER_SET_CLIENT */;
/*!40101 SET CHARACTER_SET_RESULTS=@OLD_CHARACTER_SET_RESULTS */;
/*!40101 SET COLLATION_CONNECTION=@OLD_COLLATION_CONNECTION */;
